DATABASE_NAME,SCHEMA_NAME,QUERY_TEXT,QUERY_TYPE,BYTES_SCANNED,QUERY_ID,QUERY_TEXT,DATABASE_ID,DATABASE_NAME,SCHEMA_ID,SCHEMA_NAME,QUERY_TYPE,SESSION_ID,AUTHN_EVENT_ID,USER_NAME,ROLE_NAME,WAREHOUSE_ID,WAREHOUSE_NAME,WAREHOUSE_SIZE,WAREHOUSE_TYPE,CLUSTER_NUMBER,QUERY_TAG,EXECUTION_STATUS,ERROR_CODE,ERROR_MESSAGE,START_TIME,END_TIME,TOTAL_ELAPSED_TIME,BYTES_SCANNED,PERCENTAGE_SCANNED_FROM_CACHE,BYTES_WRITTEN,BYTES_WRITTEN_TO_RESULT,BYTES_READ_FROM_RESULT,ROWS_PRODUCED,ROWS_INSERTED,ROWS_UPDATED,ROWS_DELETED,ROWS_UNLOADED,BYTES_DELETED,PARTITIONS_SCANNED,PARTITIONS_TOTAL,BYTES_SPILLED_TO_LOCAL_STORAGE,BYTES_SPILLED_TO_REMOTE_STORAGE,BYTES_SENT_OVER_THE_NETWORK,COMPILATION_TIME,EXECUTION_TIME,QUEUED_PROVISIONING_TIME,QUEUED_REPAIR_TIME,QUEUED_OVERLOAD_TIME,TRANSACTION_BLOCKED_TIME,OUTBOUND_DATA_TRANSFER_CLOUD,OUTBOUND_DATA_TRANSFER_REGION,OUTBOUND_DATA_TRANSFER_BYTES,INBOUND_DATA_TRANSFER_CLOUD,INBOUND_DATA_TRANSFER_REGION,INBOUND_DATA_TRANSFER_BYTES,LIST_EXTERNAL_FILES_TIME,CREDITS_USED_CLOUD_SERVICES,RELEASE_VERSION,EXTERNAL_FUNCTION_TOTAL_INVOCATIONS,EXTERNAL_FUNCTION_TOTAL_SENT_ROWS,EXTERNAL_FUNCTION_TOTAL_RECEIVED_ROWS,EXTERNAL_FUNCTION_TOTAL_SENT_BYTES,EXTERNAL_FUNCTION_TOTAL_RECEIVED_BYTES,QUERY_LOAD_PERCENT,IS_CLIENT_GENERATED_STATEMENT,QUERY_ACCELERATION_BYTES_SCANNED,QUERY_ACCELERATION_PARTITIONS_SCANNED,QUERY_ACCELERATION_UPPER_LIMIT_SCALE_FACTOR,TRANSACTION_ID,CHILD_QUERIES_WAIT_TIME,ROLE_TYPE,QUERY_HASH,QUERY_HASH_VERSION,QUERY_PARAMETERIZED_HASH,QUERY_PARAMETERIZED_HASH_VERSION,SECONDARY_ROLE_STATS,ROWS_WRITTEN_TO_RESULT,QUERY_RETRY_TIME,QUERY_RETRY_CAUSE,FAULT_HANDLING_TIME,USER_TYPE,USER_DATABASE_NAME,USER_DATABASE_ID,USER_SCHEMA_NAME,USER_SCHEMA_ID
PRD_P01_DMN_FRAUMD,LABMLFRD,"SELECT 
    ""DSPT_TRAN_PROS_C"", 
    ""COUNT"", 
    concat( CAST (round((""PERCENT"" * 100), 2) AS STRING), '%') AS ""PERCENT""
 FROM (
 SELECT 
    ""DSPT_TRAN_PROS_C"", 
    ""COUNT"", 
    (""COUNT"" / sum(""COUNT"") OVER (  ORDER BY 
    1 :: INT ASC NULLS FIRST  ROWS BETWEEN UNBOUNDED PRECEDING AND UNBOUNDED FOLLOWING )) AS ""PERCENT""
 FROM (
 SELECT 
    ""DSPT_TRAN_PROS_C"", 
    count(1) AS ""COUNT""
 FROM (
 SELECT 
     * 
 FROM (
 SELECT 
    ""DSPT_CASE_I"", 
    ""DSPT_CASE_CRAT_I"", 
    ""DSPT_CASE_CRAT_S"", 
    ""DSPT_CASE_CLSE_S"", 
    ""DSPT_CHNL_M"", 
    ""DSPT_TYPE_X"", 
    ""DSPT_CASE_USER_STUS_X"", 
    ""DSPT_CASE_STUS_X"", 
    ""DSPT_SRCE_SYST_M"", 
    ""DSPT_TRAN_I"", 
    ""DSPT_TRAN_REFN_I"", 
    ""DSPT_TRAN_SYST_TRAC_AUDT_NUMB_I"", 
    ""DSPT_TRAN_RTRV_RQST_NUMB_C"", 
    ""DSPT_ACCT_N"", 
    ""DSPT_CPNN_ACCT_N"", 
    ""DSPT_DPAN_I"", 
    ""DSPT_DDA_N"", 
    ""DSPT_TRAN_TOKN_TYPE_X"", 
    ""DSPT_TRAN_D"", 
    ""DSPT_TRAN_S"", 
    ""DSPT_TRAN_POST_S"", 
    ""DSPT_TRAN_HOST_SWIT_S"", 
    ""DSPT_TRAN_ORIG_A"", 
    ""DSPT_TRAN_ORIG_CNCY_C"", 
    ""DSPT_TRAN_DEST_A"", 
    ""DSPT_TRAN_DEST_CNCY_C"", 
    ""DSPT_TRAN_ACTL_A"", 
    ""DSPT_TRAN_MERC_DETL_X"", 
    ""DSPT_TRAN_MERC_CATG_C"", 
    ""DSPT_TRAN_C"", 
    ""DSPT_VISA_MAIL_TELE_ORDR_C"", 
    ""DSPT_MCRD_INPT_MODE_C"", 
    ""DSPT_TRAN_POS_MODE_C"", 
    ""DSPT_TRAN_AUTT_NUMB_X"", 
    ""DSPT_TRAN_DCDE_X"", 
    ""DSPT_MCRD_AUTN_C"", 
    ""DSPT_MCRD_SECU_LEVL_INDA_C"", 
    ""DSPT_MCRD_SECU_LEVL_INDA_X"", 
    ""DSPT_MCRD_UVRS_CAHD_AUTT_FIED_C"", 
    ""DSPT_TRAN_CAHD_ACTV_TRML_C"", 
    ""DSPT_TRAN_CAHD_ACPT_IDNN_I"", 
    ""DSPT_TRAN_FALL_BACK_C"", 
    ""DSPT_TRAN_PROS_C"", 
    ""DSPT_TRAN_CRAT_S"", 
    ""DSPT_LOAD_TS"", 
    ""TRAN_I"", 
    ""CUST_I"", 
    ""CARD_I"", 
    ""DPAN_I"", 
    ""TRAN_MDIA_C"", 
    ""TRAN_S"", 
    ""TRAN_D"", 
    ""TRAN_A"", 
    ""MERC_M"", 
    ""TRAN_MERC_CATG_C"", 
    ""MERC_I"", 
    ""MERC_TRML_I"", 
    ""TRAN_ACQR_I"", 
    ""TRAN_CNTY_C"", 
    ""TRAN_POS_MODE_C"", 
    ""TRAN_AUTT_NUMB_X"", 
    ""TRAN_UPST_DCDE_C"", 
    ""TRAN_UPST_REAS_C"", 
    ""TRAN_FINL_DCDE_C"", 
    ""TRAN_ACCT_AUTT_V"", 
    ""TRAN_SECU_LEVL_INDA_C"", 
    ""TRAN_PIN_VERF_F"", 
    ""TRAN_REVS_F"", 
    ""TRAN_PAIN_CUST_MERC_F"", 
    ""TRAN_RCRR_F"", 
    ""TRAN_MCRD_SCOR_N"", 
    ""FDP_CARD_PRFL_X"", 
    ""FDP_RULE_TRIG_X"", 
    ""FDP_RULE_PUSH_TYPE_F"", 
    ""FDP_PUSH_EXIT_C"", 
    ""POST_AUTN_MTCH_SCOR"", 
    ""SRCE_SYST_C"", 
    ""LOAD_TS"", 
    ""ROW_SECU_ACCS_C"", 
    ""ETL_TS"", 
    ""ETL_ID"", 
    ""SNAP_D"", 
    ""TRAN_ID"", 
    ""TRAN_DATE"", 
    to_char(""TRAN_DATE"", 'YYYYMMDD') AS ""TTS_TRAN_DATE_ALT"", 
    'DAISY' AS ""DETECT_METHOD""
 FROM (
 SELECT 
    ""DSPT_CASE_I"", 
    ""DSPT_CASE_CRAT_I"", 
    ""DSPT_CASE_CRAT_S"", 
    ""DSPT_CASE_CLSE_S"", 
    ""DSPT_CHNL_M"", 
    ""DSPT_TYPE_X"", 
    ""DSPT_CASE_USER_STUS_X"", 
    ""DSPT_CASE_STUS_X"", 
    ""DSPT_SRCE_SYST_M"", 
    ""DSPT_TRAN_I"", 
    ""DSPT_TRAN_REFN_I"", 
    ""DSPT_TRAN_SYST_TRAC_AUDT_NUMB_I"", 
    ""DSPT_TRAN_RTRV_RQST_NUMB_C"", 
    ""DSPT_ACCT_N"", 
    ""DSPT_CPNN_ACCT_N"", 
    ""DSPT_DPAN_I"", 
    ""DSPT_DDA_N"", 
    ""DSPT_TRAN_TOKN_TYPE_X"", 
    ""DSPT_TRAN_D"", 
    ""DSPT_TRAN_S"", 
    ""DSPT_TRAN_POST_S"", 
    ""DSPT_TRAN_HOST_SWIT_S"", 
    ""DSPT_TRAN_ORIG_A"", 
    ""DSPT_TRAN_ORIG_CNCY_C"", 
    ""DSPT_TRAN_DEST_A"", 
    ""DSPT_TRAN_DEST_CNCY_C"", 
    ""DSPT_TRAN_ACTL_A"", 
    ""DSPT_TRAN_MERC_DETL_X"", 
    ""DSPT_TRAN_MERC_CATG_C"", 
    ""DSPT_TRAN_C"", 
    ""DSPT_VISA_MAIL_TELE_ORDR_C"", 
    ""DSPT_MCRD_INPT_MODE_C"", 
    ""DSPT_TRAN_POS_MODE_C"", 
    ""DSPT_TRAN_AUTT_NUMB_X"", 
    ""DSPT_TRAN_DCDE_X"", 
    ""DSPT_MCRD_AUTN_C"", 
    ""DSPT_MCRD_SECU_LEVL_INDA_C"", 
    ""DSPT_MCRD_SECU_LEVL_INDA_X"", 
    ""DSPT_MCRD_UVRS_CAHD_AUTT_FIED_C"", 
    ""DSPT_TRAN_CAHD_ACTV_TRML_C"", 
    ""DSPT_TRAN_CAHD_ACPT_IDNN_I"", 
    ""DSPT_TRAN_FALL_BACK_C"", 
    ""DSPT_TRAN_PROS_C"", 
    ""DSPT_TRAN_CRAT_S"", 
    ""DSPT_LOAD_TS"", 
    ""TRAN_I"", 
    ""CUST_I"", 
    ""CARD_I"", 
    ""DPAN_I"", 
    ""TRAN_MDIA_C"", 
    ""TRAN_S"", 
    ""TRAN_D"", 
    ""TRAN_A"", 
    ""MERC_M"", 
    ""TRAN_MERC_CATG_C"", 
    ""MERC_I"", 
    ""MERC_TRML_I"", 
    ""TRAN_ACQR_I"", 
    ""TRAN_CNTY_C"", 
    ""TRAN_POS_MODE_C"", 
    ""TRAN_AUTT_NUMB_X"", 
    ""TRAN_UPST_DCDE_C"", 
    ""TRAN_UPST_REAS_C"", 
    ""TRAN_FINL_DCDE_C"", 
    ""TRAN_ACCT_AUTT_V"", 
    ""TRAN_SECU_LEVL_INDA_C"", 
    ""TRAN_PIN_VERF_F"", 
    ""TRAN_REVS_F"", 
    ""TRAN_PAIN_CUST_MERC_F"", 
    ""TRAN_RCRR_F"", 
    ""TRAN_MCRD_SCOR_N"", 
    ""FDP_CARD_PRFL_X"", 
    ""FDP_RULE_TRIG_X"", 
    ""FDP_RULE_PUSH_TYPE_F"", 
    ""FDP_PUSH_EXIT_C"", 
    ""POST_AUTN_MTCH_SCOR"", 
    ""SRCE_SYST_C"", 
    ""LOAD_TS"", 
    ""ROW_SECU_ACCS_C"", 
    ""ETL_TS"", 
    ""ETL_ID"", 
    ""SNAP_D"", 
    ""TRAN_I"" AS ""TRAN_ID"", 
    to_date(""TRAN_S"") AS ""TRAN_DATE""
 FROM LABMLFRD.CARD_TRAN_DAIS_DSPT
 WHERE 
    (""DSPT_TRAN_DCDE_X"" IN ('Chargeback', 'Fraud Referral', 'Chargeoff', 'Paypass Transaction Detail', 'Customer Liable') AND (""TRAN_I"" != '...'))
)
)
 WHERE 
    ((""TTS_TRAN_DATE_ALT"" >= '20250615') AND (""TTS_TRAN_DATE_ALT"" <= '20250710'))
)
 GROUP BY 
    ""DSPT_TRAN_PROS_C""
)
)
 ORDER BY 
    ""COUNT"" DESC NULLS LAST",SELECT,21319680,01be988c-3204-bee5-0000-c71d2a6e377e,"SELECT 
    ""DSPT_TRAN_PROS_C"", 
    ""COUNT"", 
    concat( CAST (round((""PERCENT"" * 100), 2) AS STRING), '%') AS ""PERCENT""
 FROM (
 SELECT 
    ""DSPT_TRAN_PROS_C"", 
    ""COUNT"", 
    (""COUNT"" / sum(""COUNT"") OVER (  ORDER BY 
    1 :: INT ASC NULLS FIRST  ROWS BETWEEN UNBOUNDED PRECEDING AND UNBOUNDED FOLLOWING )) AS ""PERCENT""
 FROM (
 SELECT 
    ""DSPT_TRAN_PROS_C"", 
    count(1) AS ""COUNT""
 FROM (
 SELECT 
     * 
 FROM (
 SELECT 
    ""DSPT_CASE_I"", 
    ""DSPT_CASE_CRAT_I"", 
    ""DSPT_CASE_CRAT_S"", 
    ""DSPT_CASE_CLSE_S"", 
    ""DSPT_CHNL_M"", 
    ""DSPT_TYPE_X"", 
    ""DSPT_CASE_USER_STUS_X"", 
    ""DSPT_CASE_STUS_X"", 
    ""DSPT_SRCE_SYST_M"", 
    ""DSPT_TRAN_I"", 
    ""DSPT_TRAN_REFN_I"", 
    ""DSPT_TRAN_SYST_TRAC_AUDT_NUMB_I"", 
    ""DSPT_TRAN_RTRV_RQST_NUMB_C"", 
    ""DSPT_ACCT_N"", 
    ""DSPT_CPNN_ACCT_N"", 
    ""DSPT_DPAN_I"", 
    ""DSPT_DDA_N"", 
    ""DSPT_TRAN_TOKN_TYPE_X"", 
    ""DSPT_TRAN_D"", 
    ""DSPT_TRAN_S"", 
    ""DSPT_TRAN_POST_S"", 
    ""DSPT_TRAN_HOST_SWIT_S"", 
    ""DSPT_TRAN_ORIG_A"", 
    ""DSPT_TRAN_ORIG_CNCY_C"", 
    ""DSPT_TRAN_DEST_A"", 
    ""DSPT_TRAN_DEST_CNCY_C"", 
    ""DSPT_TRAN_ACTL_A"", 
    ""DSPT_TRAN_MERC_DETL_X"", 
    ""DSPT_TRAN_MERC_CATG_C"", 
    ""DSPT_TRAN_C"", 
    ""DSPT_VISA_MAIL_TELE_ORDR_C"", 
    ""DSPT_MCRD_INPT_MODE_C"", 
    ""DSPT_TRAN_POS_MODE_C"", 
    ""DSPT_TRAN_AUTT_NUMB_X"", 
    ""DSPT_TRAN_DCDE_X"", 
    ""DSPT_MCRD_AUTN_C"", 
    ""DSPT_MCRD_SECU_LEVL_INDA_C"", 
    ""DSPT_MCRD_SECU_LEVL_INDA_X"", 
    ""DSPT_MCRD_UVRS_CAHD_AUTT_FIED_C"", 
    ""DSPT_TRAN_CAHD_ACTV_TRML_C"", 
    ""DSPT_TRAN_CAHD_ACPT_IDNN_I"", 
    ""DSPT_TRAN_FALL_BACK_C"", 
    ""DSPT_TRAN_PROS_C"", 
    ""DSPT_TRAN_CRAT_S"", 
    ""DSPT_LOAD_TS"", 
    ""TRAN_I"", 
    ""CUST_I"", 
    ""CARD_I"", 
    ""DPAN_I"", 
    ""TRAN_MDIA_C"", 
    ""TRAN_S"", 
    ""TRAN_D"", 
    ""TRAN_A"", 
    ""MERC_M"", 
    ""TRAN_MERC_CATG_C"", 
    ""MERC_I"", 
    ""MERC_TRML_I"", 
    ""TRAN_ACQR_I"", 
    ""TRAN_CNTY_C"", 
    ""TRAN_POS_MODE_C"", 
    ""TRAN_AUTT_NUMB_X"", 
    ""TRAN_UPST_DCDE_C"", 
    ""TRAN_UPST_REAS_C"", 
    ""TRAN_FINL_DCDE_C"", 
    ""TRAN_ACCT_AUTT_V"", 
    ""TRAN_SECU_LEVL_INDA_C"", 
    ""TRAN_PIN_VERF_F"", 
    ""TRAN_REVS_F"", 
    ""TRAN_PAIN_CUST_MERC_F"", 
    ""TRAN_RCRR_F"", 
    ""TRAN_MCRD_SCOR_N"", 
    ""FDP_CARD_PRFL_X"", 
    ""FDP_RULE_TRIG_X"", 
    ""FDP_RULE_PUSH_TYPE_F"", 
    ""FDP_PUSH_EXIT_C"", 
    ""POST_AUTN_MTCH_SCOR"", 
    ""SRCE_SYST_C"", 
    ""LOAD_TS"", 
    ""ROW_SECU_ACCS_C"", 
    ""ETL_TS"", 
    ""ETL_ID"", 
    ""SNAP_D"", 
    ""TRAN_ID"", 
    ""TRAN_DATE"", 
    to_char(""TRAN_DATE"", 'YYYYMMDD') AS ""TTS_TRAN_DATE_ALT"", 
    'DAISY' AS ""DETECT_METHOD""
 FROM (
 SELECT 
    ""DSPT_CASE_I"", 
    ""DSPT_CASE_CRAT_I"", 
    ""DSPT_CASE_CRAT_S"", 
    ""DSPT_CASE_CLSE_S"", 
    ""DSPT_CHNL_M"", 
    ""DSPT_TYPE_X"", 
    ""DSPT_CASE_USER_STUS_X"", 
    ""DSPT_CASE_STUS_X"", 
    ""DSPT_SRCE_SYST_M"", 
    ""DSPT_TRAN_I"", 
    ""DSPT_TRAN_REFN_I"", 
    ""DSPT_TRAN_SYST_TRAC_AUDT_NUMB_I"", 
    ""DSPT_TRAN_RTRV_RQST_NUMB_C"", 
    ""DSPT_ACCT_N"", 
    ""DSPT_CPNN_ACCT_N"", 
    ""DSPT_DPAN_I"", 
    ""DSPT_DDA_N"", 
    ""DSPT_TRAN_TOKN_TYPE_X"", 
    ""DSPT_TRAN_D"", 
    ""DSPT_TRAN_S"", 
    ""DSPT_TRAN_POST_S"", 
    ""DSPT_TRAN_HOST_SWIT_S"", 
    ""DSPT_TRAN_ORIG_A"", 
    ""DSPT_TRAN_ORIG_CNCY_C"", 
    ""DSPT_TRAN_DEST_A"", 
    ""DSPT_TRAN_DEST_CNCY_C"", 
    ""DSPT_TRAN_ACTL_A"", 
    ""DSPT_TRAN_MERC_DETL_X"", 
    ""DSPT_TRAN_MERC_CATG_C"", 
    ""DSPT_TRAN_C"", 
    ""DSPT_VISA_MAIL_TELE_ORDR_C"", 
    ""DSPT_MCRD_INPT_MODE_C"", 
    ""DSPT_TRAN_POS_MODE_C"", 
    ""DSPT_TRAN_AUTT_NUMB_X"", 
    ""DSPT_TRAN_DCDE_X"", 
    ""DSPT_MCRD_AUTN_C"", 
    ""DSPT_MCRD_SECU_LEVL_INDA_C"", 
    ""DSPT_MCRD_SECU_LEVL_INDA_X"", 
    ""DSPT_MCRD_UVRS_CAHD_AUTT_FIED_C"", 
    ""DSPT_TRAN_CAHD_ACTV_TRML_C"", 
    ""DSPT_TRAN_CAHD_ACPT_IDNN_I"", 
    ""DSPT_TRAN_FALL_BACK_C"", 
    ""DSPT_TRAN_PROS_C"", 
    ""DSPT_TRAN_CRAT_S"", 
    ""DSPT_LOAD_TS"", 
    ""TRAN_I"", 
    ""CUST_I"", 
    ""CARD_I"", 
    ""DPAN_I"", 
    ""TRAN_MDIA_C"", 
    ""TRAN_S"", 
    ""TRAN_D"", 
    ""TRAN_A"", 
    ""MERC_M"", 
    ""TRAN_MERC_CATG_C"", 
    ""MERC_I"", 
    ""MERC_TRML_I"", 
    ""TRAN_ACQR_I"", 
    ""TRAN_CNTY_C"", 
    ""TRAN_POS_MODE_C"", 
    ""TRAN_AUTT_NUMB_X"", 
    ""TRAN_UPST_DCDE_C"", 
    ""TRAN_UPST_REAS_C"", 
    ""TRAN_FINL_DCDE_C"", 
    ""TRAN_ACCT_AUTT_V"", 
    ""TRAN_SECU_LEVL_INDA_C"", 
    ""TRAN_PIN_VERF_F"", 
    ""TRAN_REVS_F"", 
    ""TRAN_PAIN_CUST_MERC_F"", 
    ""TRAN_RCRR_F"", 
    ""TRAN_MCRD_SCOR_N"", 
    ""FDP_CARD_PRFL_X"", 
    ""FDP_RULE_TRIG_X"", 
    ""FDP_RULE_PUSH_TYPE_F"", 
    ""FDP_PUSH_EXIT_C"", 
    ""POST_AUTN_MTCH_SCOR"", 
    ""SRCE_SYST_C"", 
    ""LOAD_TS"", 
    ""ROW_SECU_ACCS_C"", 
    ""ETL_TS"", 
    ""ETL_ID"", 
    ""SNAP_D"", 
    ""TRAN_I"" AS ""TRAN_ID"", 
    to_date(""TRAN_S"") AS ""TRAN_DATE""
 FROM LABMLFRD.CARD_TRAN_DAIS_DSPT
 WHERE 
    (""DSPT_TRAN_DCDE_X"" IN ('Chargeback', 'Fraud Referral', 'Chargeoff', 'Paypass Transaction Detail', 'Customer Liable') AND (""TRAN_I"" != '...'))
)
)
 WHERE 
    ((""TTS_TRAN_DATE_ALT"" >= '20250615') AND (""TTS_TRAN_DATE_ALT"" <= '20250710'))
)
 GROUP BY 
    ""DSPT_TRAN_PROS_C""
)
)
 ORDER BY 
    ""COUNT"" DESC NULLS LAST",24,PRD_P01_DMN_FRAUMD,148,LABMLFRD,SELECT,218928288423878,218927637848858,CLEMINRD,R_USR_FRAUMD_LABMLFRD_RW,133,WH_USR_PRD_P01_FRAUMD_LABMLFRD_003,2X-Large,SNOWPARK-OPTIMIZED,1,01be9875-3204-bee4-0000-c71d2a6dc332,SUCCESS,,,2025-08-25 01:48:07.929 Z,2025-08-25 01:48:09.149 Z,1220,21319680,1,0,556,0,2,0,0,0,0,0,128,128,0,0,1989889,1086,134,0,0,0,0,,,0,,,0,0,0.000171,9.24.1,0,0,0,0,0,100,false,0,0,0,0,0,ROLE,f0d127b6714c4892f3f85ece78a777fa,2,f01d6e65571fd8e46a019653c3907d18,1,"{""roleCount"":14,""roleIds"":[127,431,166,206,470,469,468,107,1907,1490,1489,1488,1888,151626]}",2,,,,,,,,
