USER_NAME,WAREHOUSE_NAME,APPROXIMATE_CREDITS_USED
CLEMINRD,WH_USR_PRD_P01_FRAUMD_LABMLFRD_003,1986.918831053998
SAIKIRKA,WH_USR_PRD_P01_FRAUMD_LABMLFRD_003,1253.953718380852
DEHURYSK,WH_USR_PRD_P01_FRAUMD_LABMLFRD_003,1231.291362225370
THORPNA,WH_USR_PRD_P01_FRAUMD_LABMLFRD_003,990.364421905235
PAULS13,WH_USR_PRD_P01_FRAUMD_001,667.008643574624
SHROFFPR,WH_USR_PRD_P01_FRAUMD_LABMLFRD_003,592.631790155639
VERENIIL,WH_USR_PRD_P01_FRAUMD_LABMLFRD_003,396.220033716902
ZAIDIS2,WH_USR_PRD_P01_FRAUMD_LABMLFRD_003,395.641977348094
DEHURYSK,WH_USR_PRD_P01_FRAUMD_001,317.975951045135
BROOKSOW,WH_USR_PRD_P01_FRAUMD_LABMLFRD_003,309.965919832619
CROUCAKO,WH_USR_PRD_P01_FRAUMD_LABMLFRD_003,269.467696349532
CHOUEICA,WH_USR_PRD_P01_FRAUMD_LABMLFRD_003,240.075305738521
ANANDKAN,WH_USR_PRD_P01_FRAUMD_001,229.795143775121
WANGC34,WH_USR_PRD_P01_FRAUMD_LABMLFRD_003,208.554794914230
TAVERMJ,WH_USR_PRD_P01_FRAUMD_LABMLFRD_003,202.060545337247
CROUCAKO,WH_USR_PRD_P01_FRAUMD_001,180.105784164752
DVSH,WH_USR_PRD_P01_FRAUMD_LABMLFRD_003,164.104587037934
SAIKIRKA,WH_USR_PRD_P01_FRAUMD_LABMLFRD_002,141.187170792034
GOENKAPR,WH_USR_PRD_P01_FRAUMD_LABMLFRD_002,133.855796936737
KINGR4,WH_USR_PRD_P01_FRAUMD_001,132.770669597110
THORPNA,WH_USR_PRD_P01_FRAUMD_LABMLFRD_002,118.010902758364
SKLAVOGE,WH_USR_PRD_P01_FRAUMD_001,117.597957580724
GAREAJU,WH_USR_PRD_P01_FRAUMD_LABMLFRD_003,116.758881613442
LISTONPE,WH_USR_PRD_P01_FRAUMD_001,108.604898445436
DEHURYSK,WH_USR_PRD_P01_FRAUMD_LABMLFRD_002,106.689639819899
WANGC34,WH_USR_PRD_P01_FRAUMD_001,100.947608461161
WANGC34,WH_USR_PRD_P01_FRAUMD_LABMLFRD_002,97.654677346087
LISTONPE,WH_USR_PRD_P01_FRAUMD_LABMLFRD_003,90.665489527046
SWAINAK,WH_USR_PRD_P01_FRAUMD_001,87.836006389609
GUERREOL,WH_USR_PRD_P01_FRAUMD_LABMLFRD_003,76.104875352192
JAINR29,WH_USR_PRD_P01_FRAUMD_LABMLFRD_002,74.009153912011
DVSH,WH_USR_PRD_P01_FRAUMD_001,71.299063493811
DINGHU,WH_USR_PRD_P01_FRAUMD_001,67.471533139525
VERMAC2,WH_USR_PRD_P01_FRAUMD_001,66.161877571708
BROOKSOW,WH_USR_PRD_P01_FRAUMD_LABMLFRD_002,65.621325958834
PAULS13,WH_USR_PRD_P01_FRAUMD_LABMLFRD_002,56.795093838026
HARRIT4,WH_USR_PRD_P01_FRAUMD_001,56.169678346361
SAIKIRKA,WH_USR_PRD_P01_FRAUMD_001,54.718168771712
GHATTATR,WH_USR_PRD_P01_FRAUMD_001,48.146706753993
BROOKSOW,WH_USR_PRD_P01_FRAUMD_001,46.391720060562
SAKKAIB,WH_USR_PRD_P01_FRAUMD_LABMLFRD_003,45.488949316832
CHOUEICA,WH_USR_PRD_P01_FRAUMD_001,43.661249224080
CLEMINRD,WH_USR_PRD_P01_FRAUMD_LABMLFRD_002,42.178914595422
HANBALHA,WH_USR_PRD_P01_FRAUMD_001,41.187701275196
ZAIDIS2,WH_USR_PRD_P01_FRAUMD_LABMLFRD_002,40.805743395893
GUERREOL,WH_USR_PRD_P01_FRAUMD_001,39.203606738368
GUERREOL,WH_USR_PRD_P01_FRAUMD_LABMLFRD_002,35.792592197821
SINGHVI,WH_USR_PRD_P01_FRAUMD_001,32.313630005054
LISTONPE,WH_USR_PRD_P01_FRAUMD_LABMLFRD_002,30.613059344308
VERENIIL,WH_USR_PRD_P01_FRAUMD_LABMLFRD_002,25.610798798488
LEEJ78,WH_USR_PRD_P01_FRAUMD_001,24.202577998822
DUDASVI,WH_USR_PRD_P01_FRAUMD_001,23.914085678520
GOENKAPR,WH_USR_PRD_P01_FRAUMD_001,23.475754846336
TAVERMJ,WH_USR_PRD_P01_FRAUMD_001,22.370028688886
DINGHU,WH_USR_PRD_P01_FRAUMD_LABMLFRD_003,20.962651865752
ZHANGY68,WH_USR_PRD_P01_FRAUMD_001,19.541172147509
CENLI,WH_USR_PRD_P01_FRAUMD_001,18.500602202900
SAKKAIB,WH_USR_PRD_P01_FRAUMD_001,17.309502956117
SAKKAIB,WH_USR_PRD_P01_FRAUMD_LABMLFRD_002,15.098890322180
VERENIIL,WH_USR_PRD_P01_FRAUMD_001,14.063551557999
SHROFFPR,WH_USR_PRD_P01_FRAUMD_001,13.261607625975
TAVERMJ,WH_USR_PRD_P01_FRAUMD_LABMLFRD_002,12.600799262434
NGUYTA,WH_USR_PRD_P01_FRAUMD_LABMLFRD_002,12.490490526274
ZAIDIS2,WH_USR_PRD_P01_FRAUMD_001,12.191112203297
JILE,WH_USR_PRD_P01_FRAUMD_LABMLFRD_002,11.591415049749
TRANR8,WH_USR_PRD_P01_FRAUMD_001,11.501474587052
MARAGASU,WH_USR_PRD_P01_FRAUMD_001,8.159063383921
SINHAA3,WH_USR_PRD_P01_FRAUMD_001,7.591967208684
THORPNA,WH_USR_PRD_P01_FRAUMD_001,7.379110020127
AR5,WH_USR_PRD_P01_FRAUMD_001,6.233629742797
CHENJ51,WH_USR_PRD_P01_FRAUMD_001,4.578566602986
JILE,WH_USR_PRD_P01_FRAUMD_001,4.550279888206
BROOKSOW,WH_USR_PRD_P01_FRAUMD_LABMLFRD_001,4.421158068090
SEANKI,WH_USR_PRD_P01_FRAUMD_001,4.405325265218
CLEMINRD,WH_USR_PRD_P01_FRAUMD_LABMLFRD_001,3.652776775039
BULGAUVS,WH_USR_PRD_P01_FRAUMD_001,2.873801890170
SALIMF1,WH_USR_PRD_P01_FRAUMD_001,2.720673340504
RIZWANOM,WH_USR_PRD_P01_FRAUMD_001,2.263280245864
LETRO,WH_USR_PRD_P01_FRAUMD_001,2.260039728226
TROUNGT,WH_USR_PRD_P01_FRAUMD_LABMLFRD_002,2.059477548265
SHROFFPR,WH_USR_PRD_P01_FRAUMD_LABMLFRD_001,1.907199478421
LAWEW,WH_USR_PRD_P01_FRAUMD_001,1.659900554000
TOHI,WH_USR_PRD_P01_FRAUMD_001,1.596415748898
LEUNGW2,WH_USR_PRD_P01_FRAUMD_001,1.529215319663
LISTONPE,WH_USR_PRD_P01_FRAUMD_LABMLFRD_001,1.528931836096
CHOUEICA,WH_USR_PRD_P01_FRAUMD_LABMLFRD_001,0.790582038920
SG9,WH_USR_PRD_P01_FRAUMD_001,0.717250067865
ZAIDIS2,WH_USR_PRD_P01_FRAUMD_LABMLFRD_001,0.666997395642
SAIKIRKA,WH_USR_PRD_P01_FRAUMD_LABMLFRD_001,0.642510555000
TRIPAD2,WH_USR_PRD_P01_FRAUMD_001,0.555813769103
TRIPAD2,WH_USR_PRD_P01_FRAUMD_LABMLFRD_002,0.401408612000
CROOKSBE,WH_USR_PRD_P01_FRAUMD_LABMLFRD_002,0.400324445000
LAWEW,WH_USR_PRD_P01_FRAUMD_LABMLFRD_002,0.365733075587
TAVERMJ,WH_USR_PRD_P01_FRAUMD_LABMLFRD_001,0.358440836000
MUCHHISH,WH_USR_PRD_P01_FRAUMD_001,0.305838327587
WUSTLU,WH_USR_PRD_P01_FRAUMD_LABMLFRD_001,0.287172467753
VENKAY2,WH_USR_PRD_P01_FRAUMD_LABMLFRD_001,0.270810755638
DINGHU,WH_USR_PRD_P01_FRAUMD_LABMLFRD_001,0.253541668000
KINGR4,WH_USR_PRD_P01_FRAUMD_LABMLFRD_003,0.155181388000
JAINR29,WH_USR_PRD_P01_FRAUMD_001,0.112338551516
SRIVAS23,WH_USR_PRD_P01_FRAUMD_001,0.110646866609
LEUNGW2,WH_USR_PRD_P01_FRAUMD_LABMLFRD_001,0.109118842460
LETRO,WH_USR_PRD_P01_FRAUMD_LABMLFRD_001,0.094327371416
SHAIKA9,WH_USR_PRD_P01_FRAUMD_001,0.088968147579
VERENIIL,WH_USR_PRD_P01_FRAUMD_LABMLFRD_001,0.084991391000
DVSH,WH_USR_PRD_P01_FRAUMD_LABMLFRD_001,0.035678055000
CHATTARI,WH_USR_PRD_P01_FRAUMD_LABMLFRD_001,0.035102121403
DEHURYSK,WH_USR_PRD_P01_FRAUMD_LABMLFRD_001,0.033375278000
GAREAJU,WH_USR_PRD_P01_FRAUMD_LABMLFRD_001,0.026181953552
FLORESJA,WH_USR_PRD_P01_FRAUMD_LABMLFRD_001,0.016772500000
SHENLA,WH_USR_PRD_P01_FRAUMD_LABMLFRD_002,0.012321262438
LEEJ78,WH_USR_PRD_P01_FRAUMD_LABMLFRD_003,0.010668084917
SRIVAS23,WH_USR_PRD_P01_FRAUMD_LABMLFRD_003,0.009551157562
SUA3,WH_USR_PRD_P01_FRAUMD_001,0.005164235320
POTNURSA,WH_USR_PRD_P01_FRAUMD_LABMLFRD_002,0.003513359876
BGAR,WH_USR_PRD_P01_FRAUMD_001,0.000864682560
PINEDAAT,WH_USR_PRD_P01_FRAUMD_LABMLFRD_003,0.000624322107
TROUNGT,WH_USR_PRD_P01_FRAUMD_001,0.000238139045
