ActivityCountOcurrences,0
AppVersion,1.16.1.0
BasicCursor,0
BTEQCharacterConversionRate,32.31
BTEQFileCount,49
BTEQFilesConversionRate,100
BTEQFilesNotGenerated,0
BTEQFullyConvertedOccurrences,0
BTEQLinesCount,7350
BTEQLoCConversionRate,25.94
BTEQSizeMB,0.34MB
BteqTargetLanguage,Python
BTEQTotalCharacters,290530
BTEQTotalConversionErrors,59
BTEQTotalOccurrences,47
BTEQTotalParsingErrors,389
BTEQTotalWarnings,406
BTEQUnrecognizedElements,135
BTEQUnrecognizedElementsLOC,743
CaseInsensitiveCollationColumns,0
CharacterToNumberDefaultScale,10
CloseSession,2025/08/19 22:50:52 +10:00
CodeCompletenessScore,97.87
CodeUnitsOutOfScope,0
CodeUnitsOutOfScopePercentage,0
ColumnsWithPartitionByOption,0
CommentObjectsWithMissingDependencies,Off
ConversionSpeed,2493
CoreVersion,30.6.1
CreateSession,2025/08/19 22:50:49 +10:00
CursorForLoopOccurences,0
CursorForUpdate,0
CursorsWithVariablesOrParameters,0
CustomDatabaseName,None
CustomSchemaName,None
DefaultDateFormat,YYYY/MM/DD
DefaultTimeFormat,HH:MI:SS
DefaultTimestampFormat,YYYY/MM/DD HH:MI:SS
DefaultTimezoneFormat,GMT-5
DeleteWhereCurrentOfOccurences,0
DisableEwiCommentsGeneration,Off
DynamicExecuteStatements,0
DynamicProcedureCallStatements,0
DynamicResultSetsCount,0
DynamicTotalStatements,0
DynamicTotalTables,0
DynamicTotalViews,0
ElapsedTime,00:00:02
EncodingOfTheInputFiles,Unicode (UTF-8)
EndConversion,2025/08/19 22:50:52 +10:00
ExtensibilityAPI_Version,0
ExternalRulesCount,0
ExternalRulesExecuted,0
FastLoadCharacterConversionRate,0
FastLoadFileCount,0
FastLoadFilesConversionRate,0
FastLoadFilesNotGenerated,0
FastLoadFullyConvertedOccurrences,0
FastLoadLinesCount,0
FastLoadLoCConversionRate,0
FastLoadSizeMB,0
FastLoadTotalCharacters,0
FastLoadTotalConversionErrors,0
FastLoadTotalOccurrences,0
FastLoadTotalParsingErrors,0
FastLoadTotalWarnings,0
FastLoadUnrecognizedElements,0
FastLoadUnrecognizedElementsLOC,0
FetchFirstOccurences,0
FetchInLoop,0
FetchStatement,0
FilesWithUnexpectedEncoding,2
FillSymbolStep1Time,0.034252
FillSymbolStep2Time,0.417808
FullyConvertedCodeUnitsRate,0
FunctionalDifferenceMessages,127
FunctionCharacterConversionRate,0
FunctionFullyConvertedOccurrences,0
FunctionLoCConversionRate,0
FunctionObjectConversionRate,0
FunctionsWithBasicCursor,0
FunctionsWithCursorForUpdate,0
FunctionsWithCursorsWithVariablesOrParameters,0
FunctionsWithDynamicExecuteStatements,0
FunctionsWithFetchInLoop,0
FunctionsWithFetchStatement,0
FunctionsWithUnsupportedLanguages,0
FunctionTotalCharacters,0
FunctionTotalConversionErrors,0
FunctionTotalLinesOfCode,0
FunctionTotalOccurrences,0
FunctionTotalParsingErrors,0
FunctionTotalWarnings,0
GenerateXmlTagsForSqlStatementsInStoredProcedures,Off
GrantStatementLinesOfCode,0
GrantStatements,0
IdentifiedObjectsLoc,406
IdentifiedObjectsLocConversionRate,44.33
InvalidEncodings,49
InvalidExtensions,0
InvalidSystemObjects,0
JavaScriptAsTargetLanguage,Off
JoinIndexCharacterConversionRate,0
JoinIndexesReferencingMultipleObjects,0
JoinIndexFullyConvertedOccurrences,0
JoinIndexLoCConversionRate,0
JoinIndexObjectConversionRate,0
JoinIndexTotalCharacters,0
JoinIndexTotalConversionErrors,0
JoinIndexTotalLinesOfCode,0
JoinIndexTotalOccurrences,0
JoinIndexTotalParsingErrors,0
JoinIndexTotalWarnings,0
KeepTeradataDatabaseAsSnowflakeDataWarehouse,Off
LicenseData,15d1287d-91f8-4c67-bacc-a5d7cffac99d
MacroCharacterConversionRate,0
MacroFullyConvertedOccurrences,0
MacroLoCConversionRate,0
MacroObjectConversionRate,0
MacroTotalCharacters,0
MacroTotalConversionErrors,0
MacroTotalLinesOfCode,0
MacroTotalOccurrences,0
MacroTotalParsingErrors,0
MacroTotalWarnings,0
MultiLoadCharacterConversionRate,0
MultiLoadFileCount,0
MultiLoadFilesConversionRate,0
MultiLoadFilesNotGenerated,0
MultiLoadFullyConvertedOccurrences,0
MultiLoadLinesCount,0
MultiLoadLoCConversionRate,0
MultiLoadSizeMB,0
MultiLoadTotalCharacters,0
MultiLoadTotalConversionErrors,0
MultiLoadTotalOccurrences,0
MultiLoadTotalParsingErrors,0
MultiLoadTotalWarnings,0
MultiLoadUnrecognizedElements,0
MultiLoadUnrecognizedElementsLOC,0
ObjectConversionRate,38.46
ObjectsSuccessfullyConverted,5
OSVersion,Unix 15.6.0
OtherCriticalIssues,129
ParsingTime,0.637608
PartitionKey,854633db-0913-4525-be19-c3dfd4fd6eab
PerformanceReviews,0
PreConversionAssessmentTime,0.384577
PrepareMyCodeForConversion,Off
PreprocessingTime,0.212797
ProcedureCharacterConversionRate,0
ProcedureCursorOccurrences,0
ProcedureFullyConvertedOccurrences,0
ProcedureLoCConversionRate,0
ProcedureLoopOccurrences,0
ProcedureObjectConversionRate,0
ProceduresMacrosTargetLanguage,Snowflake Scripting
ProceduresWithBasicCursor,0
ProceduresWithCursorForLoopOccurences,0
ProceduresWithCursorForUpdate,0
ProceduresWithCursorsWithVariablesOrParameters,0
ProceduresWithDeleteWhereCurrentOfOccurences,0
ProceduresWithDynamicExecuteStatements,0
ProceduresWithDynamicProcedureCallStatements,0
ProceduresWithFetchFirstOccurences,0
ProceduresWithFetchInLoop,0
ProceduresWithFetchStatement,0
ProceduresWithUpdateWhereCurrentOfOccurences,0
ProcedureTotalCharacters,0
ProcedureTotalConversionErrors,0
ProcedureTotalLinesOfCode,0
ProcedureTotalOccurrences,0
ProcedureTotalParsingErrors,0
ProcedureTotalWarnings,0
ProductName,Snowflake Snow Conversion Tool 30.6.1+Branch.master.Sha.a9fa31f8481924c7ca71fc9363c01592e0ccf942
ResolveDependencyTime,0
RunAsAdmin,Data not provided
ScriptFileCount,51
ScriptFilesConversionRate,100
ScriptFunctionCharacterConversionRate,0
ScriptFunctionFullyConvertedOccurrences,0
ScriptFunctionLoCConversionRate,0
ScriptFunctionObjectConversionRate,0
ScriptFunctionTotalCharacters,0
ScriptFunctionTotalConversionErrors,0
ScriptFunctionTotalLinesOfCode,0
ScriptFunctionTotalOccurrences,0
ScriptFunctionTotalParsingErrors,0
ScriptFunctionTotalWarnings,0
ScriptIdentifiedObjects,13
ScriptIndexTotalConversionErrors,0
ScriptIndexTotalLinesOfCode,0
ScriptIndexTotalOccurrences,0
ScriptIndexTotalParsingErrors,0
ScriptJoinIndexCharacterConversionRate,0
ScriptJoinIndexFullyConvertedOccurrences,0
ScriptJoinIndexLoCConversionRate,0
ScriptJoinIndexObjectConversionRate,0
ScriptJoinIndexTotalCharacters,0
ScriptJoinIndexTotalConversionErrors,0
ScriptJoinIndexTotalLinesOfCode,0
ScriptJoinIndexTotalOccurrences,0
ScriptJoinIndexTotalParsingErrors,0
ScriptJoinIndexTotalWarnings,0
ScriptLocConversionRate,25.94
ScriptMacroCharacterConversionRate,0
ScriptMacroFullyConvertedOccurrences,0
ScriptMacroLoCConversionRate,0
ScriptMacroObjectConversionRate,0
ScriptMacroTotalCharacters,0
ScriptMacroTotalConversionErrors,0
ScriptMacroTotalLinesOfCode,0
ScriptMacroTotalOccurrences,0
ScriptMacroTotalParsingErrors,0
ScriptMacroTotalWarnings,0
ScriptObjectConversionRate,38.46
ScriptProcedureCharacterConversionRate,0
ScriptProcedureFullyConvertedOccurrences,0
ScriptProcedureLoCConversionRate,0
ScriptProcedureObjectConversionRate,0
ScriptProcedureTotalCharacters,0
ScriptProcedureTotalConversionErrors,0
ScriptProcedureTotalLinesOfCode,0
ScriptProcedureTotalOccurrences,0
ScriptProcedureTotalParsingErrors,0
ScriptProcedureTotalWarnings,0
ScriptsUnrecognizedElementsLOC,2571
ScriptTableCharacterConversionRate,47.03
ScriptTableFullyConvertedOccurrences,5
ScriptTableLoCConversionRate,44.33
ScriptTableObjectConversionRate,38.46
ScriptTableTotalCharacters,14824
ScriptTableTotalConversionErrors,0
ScriptTableTotalLinesOfCode,406
ScriptTableTotalOccurrences,13
ScriptTableTotalParsingErrors,16
ScriptTableTotalWarnings,13
ScriptTotalConversionErrors,59
ScriptTotalLoc,7350
ScriptTotalParsingErrors,389
ScriptTriggerCharacterConversionRate,0
ScriptTriggerFullyConvertedOccurrences,0
ScriptTriggerLoCConversionRate,0
ScriptTriggerObjectConversionRate,0
ScriptTriggerTotalCharacters,0
ScriptTriggerTotalConversionErrors,0
ScriptTriggerTotalLinesOfCode,0
ScriptTriggerTotalOccurrences,0
ScriptTriggerTotalParsingErrors,0
ScriptTriggerTotalWarnings,0
ScriptViewCharacterConversionRate,0
ScriptViewFullyConvertedOccurrences,0
ScriptViewLoCConversionRate,0
ScriptViewObjectConversionRate,0
ScriptViewTotalCharacters,0
ScriptViewTotalConversionErrors,0
ScriptViewTotalLinesOfCode,0
ScriptViewTotalOccurrences,0
ScriptViewTotalParsingErrors,0
ScriptViewTotalWarnings,0
SessionMode,TERA
SnowflakeScriptingAsTargetLanguage,On
SnowScript,True
SourceLanguage,Teradata
SqlCharacterConversionRate,0
SqlFileCount,0
SqlFilesConversionRate,0
SqlFilesNotGenerated,0
SqlFullyConvertedOccurrences,0
SqlFunctionCharacterConversionRate,0
SqlFunctionFullyConvertedOccurrences,0
SqlFunctionLoCConversionRate,0
SqlFunctionObjectConversionRate,0
SqlFunctionTotalCharacters,0
SqlFunctionTotalConversionErrors,0
SqlFunctionTotalLinesOfCode,0
SqlFunctionTotalOccurrences,0
SqlFunctionTotalParsingErrors,0
SqlFunctionTotalWarnings,0
SqlIndexTotalConversionErrors,0
SqlIndexTotalLinesOfCode,0
SqlIndexTotalOccurrences,0
SqlIndexTotalParsingErrors,0
SqlJoinIndexCharacterConversionRate,0
SqlJoinIndexFullyConvertedOccurrences,0
SqlJoinIndexLoCConversionRate,0
SqlJoinIndexObjectConversionRate,0
SqlJoinIndexTotalCharacters,0
SqlJoinIndexTotalConversionErrors,0
SqlJoinIndexTotalLinesOfCode,0
SqlJoinIndexTotalOccurrences,0
SqlJoinIndexTotalParsingErrors,0
SqlJoinIndexTotalWarnings,0
SqlLinesCount,0
SqlLoCConversionRate,0
SqlMacroCharacterConversionRate,0
SqlMacroFullyConvertedOccurrences,0
SqlMacroLoCConversionRate,0
SqlMacroObjectConversionRate,0
SqlMacroTotalCharacters,0
SqlMacroTotalConversionErrors,0
SqlMacroTotalLinesOfCode,0
SqlMacroTotalOccurrences,0
SqlMacroTotalParsingErrors,0
SqlMacroTotalWarnings,0
SqlProcedureCharacterConversionRate,0
SqlProcedureFullyConvertedOccurrences,0
SqlProcedureLoCConversionRate,0
SqlProcedureObjectConversionRate,0
SqlProcedureTotalCharacters,0
SqlProcedureTotalConversionErrors,0
SqlProcedureTotalLinesOfCode,0
SqlProcedureTotalOccurrences,0
SqlProcedureTotalParsingErrors,0
SqlProcedureTotalWarnings,0
SqlSizeMB,0
SqlTableCharacterConversionRate,0
SqlTableFullyConvertedOccurrences,0
SqlTableLoCConversionRate,0
SqlTableObjectConversionRate,0
SqlTableTotalCharacters,0
SqlTableTotalConversionErrors,0
SqlTableTotalLinesOfCode,0
SqlTableTotalOccurrences,0
SqlTableTotalParsingErrors,0
SqlTableTotalWarnings,0
SqlTotalCharacters,0
SqlTotalConversionErrors,0
SqlTotalOccurrences,0
SqlTotalParsingErrors,0
SqlTotalWarnings,0
SqlTriggerCharacterConversionRate,0
SqlTriggerFullyConvertedOccurrences,0
SqlTriggerLoCConversionRate,0
SqlTriggerObjectConversionRate,0
SqlTriggerTotalCharacters,0
SqlTriggerTotalConversionErrors,0
SqlTriggerTotalLinesOfCode,0
SqlTriggerTotalOccurrences,0
SqlTriggerTotalParsingErrors,0
SqlTriggerTotalWarnings,0
SqlUnrecognizedElementsLOC,0
SqlViewCharacterConversionRate,0
SqlViewFullyConvertedOccurrences,0
SqlViewLoCConversionRate,0
SqlViewObjectConversionRate,0
SqlViewTotalCharacters,0
SqlViewTotalConversionErrors,0
SqlViewTotalLinesOfCode,0
SqlViewTotalOccurrences,0
SqlViewTotalParsingErrors,0
SqlViewTotalWarnings,0
StartConversion,2025/08/19 22:50:49 +10:00
SystemCPU,Data not provided
SystemRAM,Data not provided
TableCharacterConversionRate,47.03
TableFullyConvertedOccurrences,5
TableLoCConversionRate,44.33
TableObjectConversionRate,38.46
TablesWithCaseInsensitiveCollationColumns,0
TablesWithColumnsWithPartitionByOption,0
TablesWithGlobalTemporaryOption,0
TablesWithQueueOption,0
TablesWithSetOption,0
TablesWithTemporalColumns,0
TableTotalCharacters,14824
TableTotalConversionErrors,0
TableTotalLinesOfCode,406
TableTotalOccurrences,13
TableTotalParsingErrors,16
TableTotalWarnings,13
TargetLagValue,1 days
TotalCharacterConversionRate,44.65
TotalCodeUnits,47
TotalConversionErrors,59
TotalConvertedLines,2377
TotalErrors,665
TotalFiles,47
TotalFilesNotGenerated,0
TotalIdentifiedObjects,13
TotalInvalidFiles,49
TotalLinesOfCode,7350
TotalLoCConversionRate,32.34
TotalMissingObjectReferences,9
TotalNonParsingTransformationExceptions,0
TotalOtherEWIs,279
TotalParsingErrors,389
TotalParsingEWIs,386
TotalSize,0.34MB
TotalValidatedFiles,49
TotalWarnings,129
TPTCharacterConversionRate,0
TPTFileCount,0
TPTFilesConversionRate,0
TPTFilesNotGenerated,0
TPTFullyConvertedOccurrences,0
TPTLinesCount,0
TPTLoCConversionRate,0
TPTSizeMB,0
TPTTotalCharacters,0
TPTTotalConversionErrors,0
TPTTotalOccurrences,0
TPTTotalParsingErrors,0
TPTTotalWarnings,0
TPTUnrecognizedElements,0
TPTUnrecognizedElementsLOC,0
TPumpCharacterConversionRate,0
TPumpFileCount,0
TPumpFilesConversionRate,0
TPumpFilesNotGenerated,0
TPumpFullyConvertedOccurrences,0
TPumpLinesCount,0
TPumpLoCConversionRate,0
TPumpSizeMB,0
TPumpTotalCharacters,0
TPumpTotalConversionErrors,0
TPumpTotalOccurrences,0
TPumpTotalParsingErrors,0
TPumpTotalWarnings,0
TPumpUnrecognizedElements,0
TPumpUnrecognizedElementsLOC,0
TransformationTime,0.460331
TriggerCharacterConversionRate,0
TriggerFullyConvertedOccurrences,0
TriggerLinesOfCode,0
TriggerLoCConversionRate,0
TriggerObjectConversionRate,0
Triggers,0
TriggerTotalCharacters,0
TriggerTotalConversionErrors,0
TriggerTotalLinesOfCode,0
TriggerTotalOccurrences,0
TriggerTotalParsingErrors,0
TriggerTotalWarnings,0
UniqueFDMs,6
UniqueMissingObjectReferences,3
UniqueOtherCriticalIssues,2
UniqueParsingIssues,1
UniquePRFs,0
UnrecognizedElements,135
UnrecognizedElementsLOC,743
UnScopeCFunctionsLoC,0
UnScopeCFunctionsObjects,0
UnScopeCppFunctionsLoC,0
UnScopeCppFunctionsObjects,0
UnScopeCppProceduresLoC,0
UnScopeCppProceduresObjects,0
UnScopeCProceduresLoC,0
UnScopeCProceduresObjects,0
UnScopeJavaFunctionsLoC,0
UnScopeJavaFunctionsObjects,0
UnScopeJavaProceduresLoC,0
UnScopeJavaProceduresObjects,0
UpdateWhereCurrentOfOccurences,0
UseCharactersConversionRate,Off
UseCollateForCaseSpecification,Off
UseExistingNameQualification,Off
UseLinesOfCodeConversionRate,On
UseNoneSchema,On
ViewCharacterConversionRate,0
ViewFullyConvertedOccurrences,0
ViewLoCConversionRate,0
ViewObjectConversionRate,0
ViewsWithSelectAsteriskOnly,0
ViewTotalCharacters,0
ViewTotalConversionErrors,0
ViewTotalLinesOfCode,0
ViewTotalOccurrences,0
ViewTotalParsingErrors,0
ViewTotalWarnings,0
WarehouseName,UPDATE_DUMMY_WAREHOUSE
WorkloadName,
