WAREHOUSE_NAME,WAREHOUSE_SIZE,CREDITS_USED,TOTAL_QUERY_COUNT,SUCCESSFUL_QUERY_COUNT,FAILED_QUERY_COUNT,CREDITS_PER_QUERY_TOTAL,CREDITS_PER_SUCCESSFUL_QUERY,OUTPUT_VARIANT
WH_USR_PRD_P01_FRAUMD_LABMLFRD_003,2X-Large,9065,3104,2949,155,2.92,3.074,"{
  ""_1_ALL_QUERIES_BYTES_SCANNED_HISTOGRAM"": {
    ""1:      WH Size:"": ""2X-Large"",
    ""2: Credit Count:"": 9065,
    ""3:  Query Count:"": 3104,
    ""4:       < 1 GB:"": ""+++++++++++++++++++++++"",
    ""5:    1 - 20 GB:"": ""+++++++"",
    ""6:   20 - 50 GB:"": ""++"",
    ""7:  50 - 100 GB:"": ""+"",
    ""8: 100 - 250 GB:"": ""+"",
    ""9:     > 250 GB:"": ""++++""
  },
  ""_2_WAREHOUSE_NAME"": ""WH_USR_PRD_P01_FRAUMD_LABMLFRD_003"",
  ""_3_WAREHOUSE_SIZE"": ""2X-Large"",
  ""_4_OVERALL_WAREHOUSE_UTILIZATION_PCT"": {
    ""total_time_executing_queries_sec"": 505762.945
  },
  ""_5_CREDITS_USED"": 9065,
  ""_6A_SUCCESSFUL_QUERY_COUNT"": 2949,
  ""_6B_FAILED_QUERY_COUNT"": 155,
  ""_6_TOTAL_QUERY_COUNT"": 3104,
  ""_7A_CREDITS_PER_SUCCESSFUL_QUERY"": 3.074,
  ""_7_CREDITS_PER_QUERY"": 2.92,
  ""_8_P95_QUERY_COUNT"": 2874,
  ""_9_P95_QUERY_STATISTICS"": {
    ""avg_all_exe_time_sec"": 90.35,
    ""avg_bytes_large"": ""379.6 GB"",
    ""avg_bytes_sent_over_network"": 95949788268.210856,
    ""avg_large_exe_time_sec"": 0.29,
    ""avg_partitions_scanned"": 29036.62,
    ""avg_pruning_pct"": 24.04,
    ""avg_spillage_local"": 19799060241.332985,
    ""avg_spillage_remote"": 0,
    ""pct_queries_with_queueing"": 5.7411,
    ""pct_queries_with_spillage"": 0.045233
  },
  ""_9_QUERY_FAILURE_INFO"": [
    {
      ""failed_query_count"": 12,
      ""query_type"": ""SELECT"",
      ""role_name"": ""R_USR_FRAUMD_LABMLFRD_RW"",
      ""user_name"": ""TAVERMJ""
    },
    {
      ""failed_query_count"": 7,
      ""query_type"": ""SELECT"",
      ""role_name"": ""PUBLIC"",
      ""user_name"": ""SAIKIRKA""
    },
    {
      ""failed_query_count"": 4,
      ""query_type"": ""SELECT"",
      ""role_name"": ""R_USR_FRAUMD_LABMLFRD_RW"",
      ""user_name"": ""CROUCAKO""
    },
    {
      ""failed_query_count"": 1,
      ""query_type"": ""CREATE_TABLE_AS_SELECT"",
      ""role_name"": ""R_USR_FRAUMD_LABMLFRD_RW"",
      ""user_name"": ""DVSH""
    },
    {
      ""failed_query_count"": 7,
      ""query_type"": ""SELECT"",
      ""role_name"": ""PUBLIC"",
      ""user_name"": ""GAREAJU""
    },
    {
      ""failed_query_count"": 4,
      ""query_type"": ""SELECT"",
      ""role_name"": ""R_USR_FRAUMD_PRD_CUS"",
      ""user_name"": ""CROUCAKO""
    },
    {
      ""failed_query_count"": 13,
      ""query_type"": ""SELECT"",
      ""role_name"": ""R_USR_FRAUMD_LABMLFRD_RW"",
      ""user_name"": ""SAIKIRKA""
    },
    {
      ""failed_query_count"": 2,
      ""query_type"": ""CREATE_TABLE_AS_SELECT"",
      ""role_name"": ""R_USR_FRAUMD_LABMLFRD_RW"",
      ""user_name"": ""WANGC34""
    },
    {
      ""failed_query_count"": 11,
      ""query_type"": ""CREATE_TABLE_AS_SELECT"",
      ""role_name"": ""R_USR_FRAUMD_LABMLFRD_RW"",
      ""user_name"": ""SHROFFPR""
    },
    {
      ""failed_query_count"": 3,
      ""query_type"": ""CREATE_TABLE_AS_SELECT"",
      ""role_name"": ""R_USR_FRAUMD_LABMLFRD_RW"",
      ""user_name"": ""CLEMINRD""
    },
    {
      ""failed_query_count"": 1,
      ""query_type"": ""SELECT"",
      ""role_name"": ""R_USR_FRAUMD_LABMLFRD_RW"",
      ""user_name"": ""LISTONPE""
    },
    {
      ""failed_query_count"": 4,
      ""query_type"": ""CREATE_TABLE_AS_SELECT"",
      ""role_name"": ""R_USR_FRAUMD_LABMLFRD_RW"",
      ""user_name"": ""THORPNA""
    },
    {
      ""failed_query_count"": 6,
      ""query_type"": ""CREATE_TABLE_AS_SELECT"",
      ""role_name"": ""R_USR_FRAUMD_LABMLFRD_RW"",
      ""user_name"": ""DEHURYSK""
    },
    {
      ""failed_query_count"": 17,
      ""query_type"": ""SELECT"",
      ""role_name"": ""R_USR_FRAUMD_LABMLFRD_RW"",
      ""user_name"": ""DEHURYSK""
    },
    {
      ""failed_query_count"": 9,
      ""query_type"": ""CREATE_TABLE_AS_SELECT"",
      ""role_name"": ""R_USR_FRAUMD_LABMLFRD_RW"",
      ""user_name"": ""TAVERMJ""
    },
    {
      ""failed_query_count"": 1,
      ""query_type"": ""INSERT"",
      ""role_name"": ""R_USR_FRAUMD_LABMLFRD_RW"",
      ""user_name"": ""THORPNA""
    },
    {
      ""failed_query_count"": 22,
      ""query_type"": ""CREATE_TABLE_AS_SELECT"",
      ""role_name"": ""R_USR_FRAUMD_LABMLFRD_RW"",
      ""user_name"": ""SAIKIRKA""
    },
    {
      ""failed_query_count"": 6,
      ""query_type"": ""SELECT"",
      ""role_name"": ""R_USR_FRAUMD_LABMLFRD_RW"",
      ""user_name"": ""SHROFFPR""
    },
    {
      ""failed_query_count"": 2,
      ""query_type"": ""CREATE_TABLE_AS_SELECT"",
      ""role_name"": ""R_USR_FRAUMD_LABMLFRD_RW"",
      ""user_name"": ""GUERREOL""
    },
    {
      ""failed_query_count"": 2,
      ""query_type"": ""INSERT"",
      ""role_name"": ""R_USR_FRAUMD_LABMLFRD_RW"",
      ""user_name"": ""GAREAJU""
    },
    {
      ""failed_query_count"": 18,
      ""query_type"": ""SELECT"",
      ""role_name"": ""R_USR_FRAUMD_LABMLFRD_RW"",
      ""user_name"": ""THORPNA""
    },
    {
      ""failed_query_count"": 1,
      ""query_type"": ""CREATE_TABLE_AS_SELECT"",
      ""role_name"": ""R_USR_FRAUMD_LABMLFRD_RW"",
      ""user_name"": ""BROOKSOW""
    },
    {
      ""failed_query_count"": 1,
      ""query_type"": ""SELECT"",
      ""role_name"": ""R_USR_FRAUMD_LABMLFRD_RW"",
      ""user_name"": ""GUERREOL""
    },
    {
      ""failed_query_count"": 1,
      ""query_type"": ""CREATE_TABLE_AS_SELECT"",
      ""role_name"": ""R_USR_FRAUMD_LABMLFRD_RW"",
      ""user_name"": ""VERENIIL""
    }
  ]
}"
WH_USR_PRD_P01_FRAUMD_001,X-Large,2778,5035,4846,189,0.552,0.573,"{
  ""_1_ALL_QUERIES_BYTES_SCANNED_HISTOGRAM"": {
    ""1:      WH Size:"": ""X-Large"",
    ""2: Credit Count:"": 2778,
    ""3:  Query Count:"": 5035,
    ""4:       < 1 GB:"": ""++++++++++++++++++++++++"",
    ""5:    1 - 20 GB:"": ""+++++++++"",
    ""6:   20 - 50 GB:"": ""++"",
    ""7:  50 - 100 GB:"": ""+"",
    ""8: 100 - 250 GB:"": ""+"",
    ""9:     > 250 GB:"": ""++""
  },
  ""_2_WAREHOUSE_NAME"": ""WH_USR_PRD_P01_FRAUMD_001"",
  ""_3_WAREHOUSE_SIZE"": ""X-Large"",
  ""_4_OVERALL_WAREHOUSE_UTILIZATION_PCT"": {
    ""total_time_executing_queries_sec"": 177514.365
  },
  ""_5_CREDITS_USED"": 2778,
  ""_6A_SUCCESSFUL_QUERY_COUNT"": 4846,
  ""_6B_FAILED_QUERY_COUNT"": 189,
  ""_6_TOTAL_QUERY_COUNT"": 5035,
  ""_7A_CREDITS_PER_SUCCESSFUL_QUERY"": 0.573,
  ""_7_CREDITS_PER_QUERY"": 0.552,
  ""_8_P95_QUERY_COUNT"": 4729,
  ""_9_P95_QUERY_STATISTICS"": {
    ""avg_all_exe_time_sec"": 13.15,
    ""avg_bytes_large"": ""65.3 GB"",
    ""avg_bytes_sent_over_network"": 10878483958.087756,
    ""avg_large_exe_time_sec"": 0.04,
    ""avg_partitions_scanned"": 7889.37,
    ""avg_pruning_pct"": 22.52,
    ""avg_spillage_local"": 1367977453.868471,
    ""avg_spillage_remote"": 0,
    ""pct_queries_with_queueing"": 11.9264,
    ""pct_queries_with_spillage"": 0.046099
  },
  ""_9_QUERY_FAILURE_INFO"": [
    {
      ""failed_query_count"": 1,
      ""query_type"": ""CREATE_TABLE_AS_SELECT"",
      ""role_name"": ""PUBLIC"",
      ""user_name"": ""HANBALHA""
    },
    {
      ""failed_query_count"": 10,
      ""query_type"": ""CREATE_TABLE_AS_SELECT"",
      ""role_name"": ""PUBLIC"",
      ""user_name"": ""KINGR4""
    },
    {
      ""failed_query_count"": 4,
      ""query_type"": ""SELECT"",
      ""role_name"": ""PUBLIC"",
      ""user_name"": ""HARRIT4""
    },
    {
      ""failed_query_count"": 1,
      ""query_type"": ""SELECT"",
      ""role_name"": ""R_USR_FRAUMD_LABMLFRD_RW"",
      ""user_name"": ""VERENIIL""
    },
    {
      ""failed_query_count"": 1,
      ""query_type"": ""SELECT"",
      ""role_name"": ""R_DAC_FRAUMD_LABMLFRD_RW"",
      ""user_name"": ""LEEJ78""
    },
    {
      ""failed_query_count"": 1,
      ""query_type"": ""SELECT"",
      ""role_name"": ""PUBLIC"",
      ""user_name"": ""GHATTATR""
    },
    {
      ""failed_query_count"": 9,
      ""query_type"": ""SELECT"",
      ""role_name"": ""R_USR_FRAUMD_PRD_CUS"",
      ""user_name"": ""CROUCAKO""
    },
    {
      ""failed_query_count"": 1,
      ""query_type"": ""CREATE_TABLE_AS_SELECT"",
      ""role_name"": ""R_USR_FRAUMD_LABMLFRD_RW"",
      ""user_name"": ""DVSH""
    },
    {
      ""failed_query_count"": 3,
      ""query_type"": ""SELECT"",
      ""role_name"": ""R_USR_FRAUMD_LABMLFRD_RW"",
      ""user_name"": ""LISTONPE""
    },
    {
      ""failed_query_count"": 2,
      ""query_type"": ""SELECT"",
      ""role_name"": ""R_USR_FRAUMD_LABMLFRD_RW"",
      ""user_name"": ""TAVERMJ""
    },
    {
      ""failed_query_count"": 5,
      ""query_type"": ""SELECT"",
      ""role_name"": ""R_USR_FRAUMD_LABMLFRD_RW"",
      ""user_name"": ""PAULS13""
    },
    {
      ""failed_query_count"": 46,
      ""query_type"": ""SELECT"",
      ""role_name"": ""R_USR_FRAUMD_LABMLFRD_RW"",
      ""user_name"": ""DEHURYSK""
    },
    {
      ""failed_query_count"": 16,
      ""query_type"": ""CREATE_TABLE_AS_SELECT"",
      ""role_name"": ""R_USR_FRAUMD_LABMLFRD_RW"",
      ""user_name"": ""ANANDKAN""
    },
    {
      ""failed_query_count"": 2,
      ""query_type"": ""SELECT"",
      ""role_name"": ""R_USR_FRAUMD_LABMLFRD_RW"",
      ""user_name"": ""WANGC34""
    },
    {
      ""failed_query_count"": 4,
      ""query_type"": ""SELECT"",
      ""role_name"": ""R_CLS_CBIRBS_PRD_CUS"",
      ""user_name"": ""GUERREOL""
    },
    {
      ""failed_query_count"": 1,
      ""query_type"": ""SELECT"",
      ""role_name"": ""PUBLIC"",
      ""user_name"": ""RIZWANOM""
    },
    {
      ""failed_query_count"": 1,
      ""query_type"": ""CREATE_TABLE_AS_SELECT"",
      ""role_name"": ""R_USR_FRAUMD_LABMLFRD_RW"",
      ""user_name"": ""WANGC34""
    },
    {
      ""failed_query_count"": 3,
      ""query_type"": ""SELECT"",
      ""role_name"": ""R_USR_FRAUMD_LABMLFRD_RW"",
      ""user_name"": ""CROUCAKO""
    },
    {
      ""failed_query_count"": 4,
      ""query_type"": ""CREATE_TABLE_AS_SELECT"",
      ""role_name"": ""R_USR_FRAUMD_LABMLFRD_RW"",
      ""user_name"": ""LISTONPE""
    },
    {
      ""failed_query_count"": 2,
      ""query_type"": ""CREATE_TABLE_AS_SELECT"",
      ""role_name"": ""PUBLIC"",
      ""user_name"": ""DUDASVI""
    },
    {
      ""failed_query_count"": 8,
      ""query_type"": ""CREATE_TABLE_AS_SELECT"",
      ""role_name"": ""R_USR_FRAUMD_LABMLFRD_RW"",
      ""user_name"": ""PAULS13""
    },
    {
      ""failed_query_count"": 13,
      ""query_type"": ""SELECT"",
      ""role_name"": ""R_USR_FRAUMD_LABMLFRD_RW"",
      ""user_name"": ""ANANDKAN""
    },
    {
      ""failed_query_count"": 2,
      ""query_type"": ""SELECT"",
      ""role_name"": ""PUBLIC"",
      ""user_name"": ""SAIKIRKA""
    },
    {
      ""failed_query_count"": 4,
      ""query_type"": ""SELECT"",
      ""role_name"": ""R_USR_FRAUMD_LABMLFRD_RW"",
      ""user_name"": ""BROOKSOW""
    },
    {
      ""failed_query_count"": 2,
      ""query_type"": ""CREATE_TABLE_AS_SELECT"",
      ""role_name"": ""R_USR_FRAUMD_PRD_CUS"",
      ""user_name"": ""PAULS13""
    },
    {
      ""failed_query_count"": 9,
      ""query_type"": ""SELECT"",
      ""role_name"": ""PUBLIC"",
      ""user_name"": ""VERMAC2""
    },
    {
      ""failed_query_count"": 3,
      ""query_type"": ""SELECT"",
      ""role_name"": ""R_USR_FRAUMD_LABMLFRD_RW"",
      ""user_name"": ""DVSH""
    },
    {
      ""failed_query_count"": 5,
      ""query_type"": ""CREATE_TABLE_AS_SELECT"",
      ""role_name"": ""R_USR_FRAUMD_LABMLFRD_RW"",
      ""user_name"": ""DEHURYSK""
    },
    {
      ""failed_query_count"": 3,
      ""query_type"": ""CREATE_TABLE_AS_SELECT"",
      ""role_name"": ""R_USR_FRAUMD_LABMLFRD_RW"",
      ""user_name"": ""SAIKIRKA""
    },
    {
      ""failed_query_count"": 1,
      ""query_type"": ""CREATE_TABLE_AS_SELECT"",
      ""role_name"": ""R_CLS_FRAUMD_LABMLFRD_CUS"",
      ""user_name"": ""ZAIDIS2""
    },
    {
      ""failed_query_count"": 1,
      ""query_type"": ""SELECT"",
      ""role_name"": ""PUBLIC"",
      ""user_name"": ""GUERREOL""
    },
    {
      ""failed_query_count"": 1,
      ""query_type"": ""CREATE_TABLE_AS_SELECT"",
      ""role_name"": ""R_USR_FRAUMD_PRD_CUS"",
      ""user_name"": ""CENLI""
    },
    {
      ""failed_query_count"": 2,
      ""query_type"": ""SELECT"",
      ""role_name"": ""R_USR_FRAUMD_LABMLFRD_RW"",
      ""user_name"": ""DINGHU""
    },
    {
      ""failed_query_count"": 5,
      ""query_type"": ""SELECT"",
      ""role_name"": ""R_USR_FRAUMD_PRD_CFD"",
      ""user_name"": ""SINGHVI""
    },
    {
      ""failed_query_count"": 13,
      ""query_type"": ""SELECT"",
      ""role_name"": ""R_USR_FRAUMD_LABMLFRD_RW"",
      ""user_name"": ""SKLAVOGE""
    }
  ]
}"
WH_USR_PRD_P01_FRAUMD_LABMLFRD_002,X-Large,1146,2235,2198,37,0.513,0.521,"{
  ""_1_ALL_QUERIES_BYTES_SCANNED_HISTOGRAM"": {
    ""1:      WH Size:"": ""X-Large"",
    ""2: Credit Count:"": 1146,
    ""3:  Query Count:"": 2235,
    ""4:       < 1 GB:"": ""+++++++++++++++++++++++++++++++"",
    ""5:    1 - 20 GB:"": ""++++++"",
    ""6:   20 - 50 GB:"": """",
    ""7:  50 - 100 GB:"": """",
    ""8: 100 - 250 GB:"": """",
    ""9:     > 250 GB:"": ""++""
  },
  ""_2_WAREHOUSE_NAME"": ""WH_USR_PRD_P01_FRAUMD_LABMLFRD_002"",
  ""_3_WAREHOUSE_SIZE"": ""X-Large"",
  ""_4_OVERALL_WAREHOUSE_UTILIZATION_PCT"": {
    ""total_time_executing_queries_sec"": 155181.51
  },
  ""_5_CREDITS_USED"": 1146,
  ""_6A_SUCCESSFUL_QUERY_COUNT"": 2198,
  ""_6B_FAILED_QUERY_COUNT"": 37,
  ""_6_TOTAL_QUERY_COUNT"": 2235,
  ""_7A_CREDITS_PER_SUCCESSFUL_QUERY"": 0.521,
  ""_7_CREDITS_PER_QUERY"": 0.513,
  ""_8_P95_QUERY_COUNT"": 2170,
  ""_9_P95_QUERY_STATISTICS"": {
    ""avg_all_exe_time_sec"": 20.34,
    ""avg_bytes_large"": ""122.8 GB"",
    ""avg_bytes_sent_over_network"": 13898201408.757143,
    ""avg_large_exe_time_sec"": 0.12,
    ""avg_partitions_scanned"": 4559.17,
    ""avg_pruning_pct"": 11.59,
    ""avg_spillage_local"": 2642901816.02765,
    ""avg_spillage_remote"": 0,
    ""pct_queries_with_queueing"": 22.6728,
    ""pct_queries_with_spillage"": 0.011521
  },
  ""_9_QUERY_FAILURE_INFO"": [
    {
      ""failed_query_count"": 2,
      ""query_type"": ""SELECT"",
      ""role_name"": ""R_USR_FRAUMD_LABMLFRD_RW"",
      ""user_name"": ""TROUNGT""
    },
    {
      ""failed_query_count"": 2,
      ""query_type"": ""SELECT"",
      ""role_name"": ""R_USR_FRAUMD_LABMLFRD_RW"",
      ""user_name"": ""JILE""
    },
    {
      ""failed_query_count"": 8,
      ""query_type"": ""CREATE_TABLE_AS_SELECT"",
      ""role_name"": ""R_USR_FRAUMD_LABMLFRD_RW"",
      ""user_name"": ""SAIKIRKA""
    },
    {
      ""failed_query_count"": 5,
      ""query_type"": ""SELECT"",
      ""role_name"": ""R_USR_FRAUMD_LABMLFRD_RW"",
      ""user_name"": ""THORPNA""
    },
    {
      ""failed_query_count"": 3,
      ""query_type"": ""CREATE_TABLE_AS_SELECT"",
      ""role_name"": ""R_USR_FRAUMD_LABMLFRD_RW"",
      ""user_name"": ""THORPNA""
    },
    {
      ""failed_query_count"": 1,
      ""query_type"": ""CREATE_TABLE_AS_SELECT"",
      ""role_name"": ""R_USR_FRAUMD_LABMLFRD_RW"",
      ""user_name"": ""CLEMINRD""
    },
    {
      ""failed_query_count"": 2,
      ""query_type"": ""SELECT"",
      ""role_name"": ""R_USR_FRAUMD_LABMLFRD_RW"",
      ""user_name"": ""JAINR29""
    },
    {
      ""failed_query_count"": 1,
      ""query_type"": ""CREATE_TABLE_AS_SELECT"",
      ""role_name"": ""R_USR_FRAUMD_ZRD_CUS"",
      ""user_name"": ""WANGC34""
    },
    {
      ""failed_query_count"": 1,
      ""query_type"": ""SELECT"",
      ""role_name"": ""R_USR_FRAUMD_PRD_CUS"",
      ""user_name"": ""LAWEW""
    },
    {
      ""failed_query_count"": 2,
      ""query_type"": ""CREATE_TABLE_AS_SELECT"",
      ""role_name"": ""R_USR_FRAUMD_LABMLFRD_RW"",
      ""user_name"": ""VERENIIL""
    },
    {
      ""failed_query_count"": 1,
      ""query_type"": ""SELECT"",
      ""role_name"": ""R_USR_FRAUMD_PRD_CUS"",
      ""user_name"": ""PAULS13""
    },
    {
      ""failed_query_count"": 1,
      ""query_type"": ""CREATE_TABLE_AS_SELECT"",
      ""role_name"": ""R_USR_FRAUMD_LABMLFRD_RW"",
      ""user_name"": ""WANGC34""
    },
    {
      ""failed_query_count"": 2,
      ""query_type"": ""SELECT"",
      ""role_name"": ""R_USR_FRAUMD_LABMLFRD_RW"",
      ""user_name"": ""GOENKAPR""
    },
    {
      ""failed_query_count"": 2,
      ""query_type"": ""SELECT"",
      ""role_name"": ""R_USR_FRAUMD_LABMLFRD_RW"",
      ""user_name"": ""SAIKIRKA""
    },
    {
      ""failed_query_count"": 2,
      ""query_type"": ""SELECT"",
      ""role_name"": ""R_USR_FRAUMD_LABMLFRD_RW"",
      ""user_name"": ""DEHURYSK""
    },
    {
      ""failed_query_count"": 2,
      ""query_type"": ""CREATE_TABLE_AS_SELECT"",
      ""role_name"": ""R_USR_FRAUMD_LABMLFRD_RW"",
      ""user_name"": ""GOENKAPR""
    }
  ]
}"
WH_USR_PRD_P01_FRAUMD_LABMLFRD_001,X-Small,19,636,604,32,0.03,0.031,"{
  ""_1_ALL_QUERIES_BYTES_SCANNED_HISTOGRAM"": {
    ""1:      WH Size:"": ""X-Small"",
    ""2: Credit Count:"": 19,
    ""3:  Query Count:"": 636,
    ""4:       < 1 GB:"": ""+++++++++++++++++++++++++++++++++++"",
    ""5:    1 - 20 GB:"": ""+++"",
    ""6:   20 - 50 GB:"": """",
    ""7:  50 - 100 GB:"": """",
    ""8: 100 - 250 GB:"": """",
    ""9:     > 250 GB:"": """"
  },
  ""_2_WAREHOUSE_NAME"": ""WH_USR_PRD_P01_FRAUMD_LABMLFRD_001"",
  ""_3_WAREHOUSE_SIZE"": ""X-Small"",
  ""_4_OVERALL_WAREHOUSE_UTILIZATION_PCT"": {
    ""total_time_executing_queries_sec"": 33215.466
  },
  ""_5_CREDITS_USED"": 19,
  ""_6A_SUCCESSFUL_QUERY_COUNT"": 604,
  ""_6B_FAILED_QUERY_COUNT"": 32,
  ""_6_TOTAL_QUERY_COUNT"": 636,
  ""_7A_CREDITS_PER_SUCCESSFUL_QUERY"": 0.031,
  ""_7_CREDITS_PER_QUERY"": 0.03,
  ""_8_P95_QUERY_COUNT"": 602,
  ""_9_P95_QUERY_STATISTICS"": {
    ""avg_all_exe_time_sec"": 14.29,
    ""avg_bytes_large"": ""10.7 GB"",
    ""avg_bytes_sent_over_network"": 0,
    ""avg_large_exe_time_sec"": 0.16,
    ""avg_partitions_scanned"": 272.1,
    ""avg_pruning_pct"": 17.93,
    ""avg_spillage_local"": 1562468426.843854,
    ""avg_spillage_remote"": 0,
    ""pct_queries_with_queueing"": 50.9967,
    ""pct_queries_with_spillage"": 0.004983
  },
  ""_9_QUERY_FAILURE_INFO"": [
    {
      ""failed_query_count"": 1,
      ""query_type"": ""CREATE_TABLE_AS_SELECT"",
      ""role_name"": ""R_USR_FRAUMD_LABMLFRD_RW"",
      ""user_name"": ""SHROFFPR""
    },
    {
      ""failed_query_count"": 1,
      ""query_type"": ""SELECT"",
      ""role_name"": ""PUBLIC"",
      ""user_name"": ""SHROFFPR""
    },
    {
      ""failed_query_count"": 28,
      ""query_type"": ""SELECT"",
      ""role_name"": ""R_USR_FRAUMD_LABMLFRD_RW"",
      ""user_name"": ""BROOKSOW""
    },
    {
      ""failed_query_count"": 1,
      ""query_type"": ""CREATE_TABLE_AS_SELECT"",
      ""role_name"": ""PUBLIC"",
      ""user_name"": ""ZAIDIS2""
    },
    {
      ""failed_query_count"": 1,
      ""query_type"": ""CREATE_TABLE_AS_SELECT"",
      ""role_name"": ""R_USR_FRAUMD_LABMLFRD_RW"",
      ""user_name"": ""SAIKIRKA""
    }
  ]
}"
